id,first_name,last_name,rank,birthdate
352876755,Rowena,Grishunin,Captain,29.10.1994
310744513,Lemuel,Habgood,Sergeant,08.07.1986
230844972,Duane,Rounce,Sergeant,07.07.1995
393929359,Olwen,Abbotson,Major,02.12.1995
374060924,Hanni,Auletta,Corporal,05.12.1985
212367526,Desiri,Leatherland,Corporal,25.04.1984
382416186,Pepi,Hansberry,Lieutenant,14.12.2000
208012624,Celestina,Farnworth,General,21.08.1982
368187730,Mady,Kettlesing,Lieutenant,10.08.1991
361668181,Nicolis,Dauney,Corporal,31.12.1991
278811684,Opal,Desseine,Captain,11.05.1989
377594399,Breanne,McLay,Major,26.05.1988
240481019,Lorena,Moffett,Sergeant,14.08.1992
243963149,Nickolas,Wasselin,Sergeant,06.05.2002
351192575,Tate,Ornillos,Captain,20.01.1987
286391083,Heriberto,Crumbleholme,Corporal,16.05.1987
293109655,Fax,Thomton,Sergeant,02.09.1994
351838716,Emily,Hedingham,Corporal,08.02.1999
246305138,Tierney,Menauteau,Lieutenant,02.02.1994
318205068,Winnifred,Uglow,Colonel,09.06.1999
225960286,Constanta,Brandenberg,Captain,31.03.2003
361805462,Berkley,Flacke,Sergeant,27.02.1984
281254938,Murdock,Steanyng,Lieutenant,29.02.1988
399633559,Dorelia,Spleving,Lieutenant,07.08.2001
211015332,Veronica,Tincknell,Colonel,30.03.1982
322017091,Jay,Bartoszinski,Major,01.07.1981
351673387,Vina,Ragot,Major,20.06.1998
224950365,Horatius,Dilkes,Private,28.03.1992
393121842,Daniela,Rashleigh,Lieutenant,21.12.1986
217732764,Henri,Yaldren,Sergeant,24.11.2002
350039705,Cesar,Mattimoe,Lieutenant,08.02.2002
228198573,Paige,Gringley,Lieutenant,08.09.1984
245647526,Loralyn,Trenbay,Lieutenant,13.11.1981
370005847,Tallia,Fielders,Captain,30.08.2003
299851389,Lambert,Geere,Colonel,30.08.1981
250276923,Tressa,Burnard,Colonel,08.04.1995
298579995,Maggi,De la Feld,General,14.10.2002
203674125,Libby,Margarson,General,17.01.1991
255699157,Wally,Waight,Private,21.06.2003
252913310,Sib,Goudge,General,13.08.1986
212223814,Ferrel,Haggard,General,22.06.1984
394282032,Meyer,Gulvin,General,28.07.1997
375812775,Suzann,Wherrett,Sergeant,19.08.2001
234751380,Mina,Barge,General,12.09.2002
252431023,Crystal,Whittles,Lieutenant,11.01.1999
321919788,Rhys,Gian,Corporal,27.07.1982
223099775,Eb,Pautard,Major,18.09.1996
382226987,Gloriana,Ikin,Sergeant,31.01.1990
267161344,Erastus,Cayette,Corporal,11.05.1999
286841717,Obadias,Blowes,Captain,23.12.1994
246107920,Jeromy,Choulerton,Colonel,13.05.1983
335344463,Garey,Glasscott,Sergeant,11.04.1990
378053165,Nariko,Henriksson,Sergeant,11.12.1998
359072464,Laurence,Bauchop,Lieutenant,12.01.1995
328655557,Chester,Swift,General,21.11.1988
305034488,Cornie,Stobbs,Major,12.07.1985
232303898,Danika,Lasslett,Lieutenant,24.11.2000
311073451,Virginie,Hullock,Lieutenant,23.04.1983
391935917,Melisande,Vlasenko,Major,21.12.1992
213504836,Lauren,McCuaig,Sergeant,14.10.1983
246602769,Vale,Tease,Lieutenant,08.03.1987
256485829,Danie,Rummins,Private,19.08.1999
307851623,Guglielmo,Jansen,Major,01.02.1996
338550984,Saul,Decent,Corporal,09.11.1988
363711205,Tim,Lydden,Lieutenant,12.03.1999
281784417,Rod,Maxwell,Sergeant,14.07.1988
303975193,Northrup,Dench,Private,20.01.2000
202761268,Rochella,Streeter,Captain,14.06.1980
231978518,Concordia,Magne,Corporal,22.05.1981
283658054,Don,Macconaghy,Captain,11.03.1994
262973027,Naomi,Lowton,Lieutenant,05.09.1989
250913628,Sonya,Goneau,General,25.06.2000
348921664,Gamaliel,Bonaire,General,13.05.1998
315741002,Shanna,Swinburn,Sergeant,15.10.1984
259591196,Alaster,Dunthorne,Lieutenant,10.11.1980
377799888,Cheri,Pavlenko,Colonel,31.01.1999
284582496,Shanna,Thickin,Corporal,28.10.1990
248641347,Sargent,Edelheid,Sergeant,27.06.1987
315734249,Ula,Bax,Colonel,23.06.1993
325369392,Tessie,Berthomieu,Lieutenant,29.10.1985
302397797,Wiatt,Paddeley,General,17.07.1983
349029408,Madelena,Cestard,Corporal,10.02.2003
314623737,Phyllis,Giovannetti,Private,27.08.1980
201602389,Nicolais,Goodrick,Corporal,29.12.1981
373019581,Cortie,Jeakins,Captain,28.10.1992
225531610,Stanfield,Teale,Lieutenant,20.07.1994
379158398,Olin,Ormond,Major,05.01.1993
331931598,Emmaline,Canete,Major,17.05.2000
217276877,Hamel,Edsall,Lieutenant,07.08.2001
305522844,Cassi,Oxterby,Sergeant,19.05.2000
351839210,Tomasine,Fandrich,General,21.01.1987
303317235,Mordecai,Simpole,Corporal,02.05.1982
252018270,Nolana,Baudic,Lieutenant,28.02.1994
373130046,Johnny,Sidlow,Major,22.02.1980
337903486,Jarad,Klaaasen,Captain,08.03.2003
381055930,Alyse,Delle,General,13.09.1983
265113936,Judye,Gane,Lieutenant,29.03.1985
325998549,Adella,Carvill,General,26.01.1988
358301921,Niven,Arnholz,Colonel,31.01.2002
262379648,Maye,Edis,Captain,18.10.1985
270870772,Laney,Delap,Colonel,11.08.1985
327204421,Neron,Grafton,General,08.09.1995
298415834,Elberta,Pickring,General,02.08.1997
308287424,Luca,Hallows,Colonel,26.06.1981
232370337,Alastair,Thornborrow,Lieutenant,30.11.1982
285293227,Hanson,Dryden,Sergeant,04.10.1987
210939483,Veronike,Sayburn,Corporal,21.04.1993
318733779,Camey,Bedells,Lieutenant,04.11.1983
200257272,Sammy,Pentelow,Corporal,19.07.1997
335518463,Rosanne,Clarricoates,General,04.06.1980
317899278,Neila,Van de Velde,General,17.11.1985
259474417,Marget,Kemer,Sergeant,28.08.1988
272384020,Marillin,Tuley,Private,21.08.1990
320361086,Friederike,Fiddyment,Corporal,19.08.1982
379372552,Dare,McKeefry,Sergeant,22.08.2001
265540575,Simeon,Bernadzki,Private,29.12.1998
316817114,Ephrem,Ezzle,Lieutenant,28.03.1985
204248457,Etty,Stratley,Sergeant,14.01.1993
384295384,Winnah,Gladeche,General,20.01.2001
359540138,Sioux,Padley,Private,04.09.1993
295551610,Joelynn,Vieyra,Major,16.01.1990
300796391,Heindrick,Dearl,Private,17.10.1982
391615586,Barby,Morforth,Captain,11.12.2001
220098572,Winona,Durward,General,26.04.1983
212486535,Lettie,Ivashinnikov,Major,26.05.1997
395488778,Cilka,Lampett,Lieutenant,17.11.1991
266445149,Skylar,Bellini,Lieutenant,22.08.1984
304285527,Christy,Shuxsmith,Sergeant,10.04.1991
373010301,Raphael,Arkin,Lieutenant,03.08.1996
371702846,Maury,Harry,Corporal,12.02.1999
207039313,Laurene,Bengtsen,Corporal,26.05.1983
367954699,Catharina,Rentz,Major,08.06.1993
229384841,Arnaldo,Tenney,Colonel,23.10.1997
310184020,Anissa,Carbonell,Colonel,07.01.1991
382151098,Isobel,Truran,Sergeant,08.02.1990
345286255,Emmaline,Muffett,Lieutenant,15.01.1990
314326191,Benita,MacCartan,Lieutenant,16.11.1996
248690235,Frankie,Negus,Captain,19.11.2000
224700233,Cointon,Janu,Lieutenant,15.03.1999
217219961,Elwood,Silverston,Captain,16.11.1997
283740532,Bria,Ellph,Captain,12.12.1982
361575587,Ambrosius,Glazyer,Major,14.01.1985
276197396,Emmey,Cohen,Colonel,16.03.2002
284808427,Rebecka,Hailston,General,30.11.1987
220360403,Quentin,Budget,Private,01.05.1985
261791763,My,Casham,Captain,18.07.1993
211607938,Herschel,Roycraft,General,21.06.2000
293806695,Noel,Delyth,General,10.03.1992
293363749,Rhonda,Gherardelli,Captain,04.08.2001
202262081,Jabez,Phelan,Private,18.12.1984
256514846,Hillary,Ladel,Captain,04.01.1982
324778772,Gran,Folbige,Colonel,09.01.1983
397555975,Correna,Ragate,Colonel,10.01.1994
395931486,Marris,Stoker,Private,30.03.1984
263773252,Maurits,Finlan,Captain,18.01.1992
301434640,Gerick,Domerc,Colonel,08.06.2003
377796619,Josy,Sweeney,Sergeant,30.10.2001
373110350,Chiquita,Byars,General,27.10.1984
216754654,Edgard,Rittelmeyer,Private,30.07.1982
333773862,Teodor,Semper,Colonel,30.07.1994
338312631,Georg,Tourle,Captain,30.12.1991
377921159,Loria,Dello,Lieutenant,11.03.2003
393814153,Salomo,Pinfold,General,12.02.1996
233073266,Aurelie,Plowman,Sergeant,12.11.1991
332326972,Wylie,Jesper,Sergeant,24.11.1982
376186331,Mildrid,Henrot,Lieutenant,25.03.1996
225026778,Cacilie,Renner,Private,07.04.2000
282400795,Daisey,Indge,Corporal,30.04.1992
312169232,Korry,Fitch,Colonel,20.04.1990
242783287,Allie,Shefton,Captain,09.04.1993
230645399,Analise,Vairow,Lieutenant,22.09.1995
284542188,Dion,Stocken,General,22.09.1985
313156475,Neile,Blizard,Colonel,22.04.1987
306476518,Adrian,Masdin,Lieutenant,08.11.1986
274567928,Rod,Tatlock,Colonel,28.11.1984
365329806,Scarlett,Tombleson,Major,29.12.1998
397217144,Adelaida,Weldrake,Colonel,12.05.1991
232158523,Fraser,Raith,Private,24.07.1981
263306372,Beniamino,Ardling,Colonel,02.05.1991
368783843,Sally,Saddington,General,25.09.1981
238535952,Everett,Tibald,Major,02.08.1998
246155619,Ainsley,Ackrill,Lieutenant,22.03.1997
373075314,Brandi,Ferraraccio,Lieutenant,07.05.2000
319249060,Carrol,McCaughen,Sergeant,24.04.1982
366740403,Faulkner,Braksper,Corporal,09.04.1987
318249490,Giulietta,Ghio,Captain,23.06.1984
266747526,Claudette,Touret,Corporal,08.04.1992
396925731,Edwin,Jewkes,Private,13.01.2003
338056009,Lonee,Buttle,Corporal,05.03.1982
208586019,Karia,Hincham,Sergeant,07.06.1982
333835978,Rhona,Reiners,Colonel,25.03.2002
219574223,Pat,Cardillo,Colonel,29.03.1984
285764748,Waylen,Brymham,Lieutenant,10.08.1983
335628947,Cly,Gabbitis,Captain,12.03.1997
259169287,Tate,Gurdon,Colonel,16.06.1992
389876311,Bud,Dosdill,General,19.06.1990
248169596,Lilian,Tregenna,Sergeant,05.07.1999
376011584,Linn,Pretious,Major,03.03.1996
245331396,Bryn,Deboy,General,08.05.2001
236682255,Cob,Hackin,Captain,30.01.1989
309385118,Carroll,Trimmell,Sergeant,11.06.1995
372245985,Mayne,Peplow,Captain,14.09.2003
368155455,Gauthier,Cursons,Lieutenant,17.05.1986
286781734,Orelie,Husby,Private,05.08.1990
294470263,Jasun,Verey,General,11.06.1981
393426172,Earvin,Darton,Sergeant,07.12.1992
372998106,Tessie,Sterndale,Colonel,16.10.1990
319047186,Shaun,Killough,Private,08.01.1997
328678456,Karel,Facchini,Colonel,15.06.1996
390446813,Asher,Antunes,Corporal,07.01.1980
251473876,Maximilian,Merington,Private,12.01.1980
255543002,Ricoriki,Algy,Private,24.02.1990
278514293,Eddi,Hillam,General,13.08.1986
332627677,Bondie,Whaplington,Major,23.12.1984
208448726,Dinnie,Mattosoff,General,31.05.1980
242215174,Gisele,Stieger,General,17.06.1987
222932554,Bibbie,Goalley,Colonel,14.05.1998
288906503,Hewie,McIlwraith,Captain,30.09.2000
242284292,Karlis,Merrell,Sergeant,08.03.1996
213315031,Dorie,Daout,Private,26.06.1997
289531061,Quill,Wiffill,Sergeant,12.05.1997
225805571,Delilah,Duggon,Private,20.03.1992
332331226,Agustin,Rodnight,Sergeant,26.02.1997
383141349,Carola,Milsom,Colonel,03.11.1993
297035013,Garnet,Piser,Sergeant,03.09.1988
271292662,Jarred,Trowl,General,09.07.1991
281350965,Gian,Colclough,Sergeant,20.12.1999
218040824,Yelena,Curzon,Captain,08.12.1997
318671314,Anny,England,Sergeant,25.07.2000
292237699,Ricard,Bartolomeoni,Private,04.12.1995
385046080,Paula,Cissen,General,28.05.1983
296407602,Elna,Casbourne,Private,19.06.2000
217409233,Kaycee,Mostyn,Captain,24.05.2000
306112908,Odilia,Longfut,Major,20.05.1984
275831961,Sylvia,Chandlar,Colonel,21.12.1992
211521123,Kristyn,Ferri,Sergeant,24.11.2002
345865245,Amandie,Dunbavin,Corporal,11.07.1996
392889533,Darrick,Dumphy,Sergeant,27.11.2001
234984060,Myrah,Goodswen,Colonel,29.10.2003
248341037,Tedman,Kearney,Corporal,05.07.2001
217022192,Manfred,Jansen,Captain,17.05.1986
258149052,Eilis,Heigold,General,01.01.1987
317296920,Neysa,Mellon,Lieutenant,08.02.1996
322449190,Terrell,Pither,Captain,10.03.1980
360828946,Rudolph,Gianelli,Colonel,18.04.1999
333559986,Yevette,Kubatsch,Colonel,22.11.2002
367714579,Oates,Dumphy,Lieutenant,26.09.1995
207710374,Koralle,Godwyn,Colonel,17.01.2002
253517082,Gisella,Vaun,Major,30.04.1999
379139542,Forrest,Abela,Sergeant,06.11.1994
258182394,Alphonse,Westell,General,17.06.2003
283434229,Clara,Burthom,Corporal,16.10.2000
313452626,Dyanna,Glyne,Private,10.06.1984
361952349,Winn,Banghe,Sergeant,21.07.2001
362279899,Eleanore,Grevatt,General,20.03.1994
353423167,Carey,Casseldine,Corporal,29.04.1989
389437960,Charmaine,Nortunen,Lieutenant,06.05.2002
396272770,Charleen,Thebeaud,Sergeant,25.03.2003
318491566,Celka,Lidgertwood,Sergeant,22.07.1996
370414685,Reinhard,Lamers,Lieutenant,14.06.1988
226311528,Tally,Ritmeier,Corporal,26.11.1997
208188533,Amber,Gunton,Sergeant,10.12.1994
318153502,Biron,Gerry,Sergeant,30.10.1998
245765352,Phillipe,Theodore,Private,18.01.1984
283761508,Read,Massen,Major,14.09.1982
369691820,Hedi,Gullam,Major,09.12.2001
235947953,Reena,Ewen,Private,01.06.1992
277622076,Adan,Dykas,Sergeant,10.10.1994
354733446,Sunny,Nolleth,Sergeant,14.08.1982
287318682,Terese,Heustice,Major,03.08.2001
369240014,Novelia,Matterdace,Major,18.08.2002
203143823,Marybelle,Fonzone,Colonel,01.09.1984
220738772,Rita,Killimister,Colonel,09.06.1995
381780312,Marshal,Judkin,General,10.08.1990
306597306,Etienne,Luisetti,Major,26.03.2001
202609997,Kassi,Burnel,Captain,13.01.1994
337499694,Stanly,Treversh,Private,07.01.2001
394466711,Lynna,Loosmore,Corporal,31.03.1983
225275338,Celestyna,Das,General,20.08.1981
272877011,Darryl,Hegge,Lieutenant,25.12.1986
377997084,Steffane,Cundict,Captain,10.07.1981
383146514,Roz,Heaford,Private,15.08.1981
261612941,Lemmy,Snalom,Lieutenant,13.05.1981
368115320,Rivalee,Weavill,Lieutenant,17.06.1983
345298260,Alphonse,Barus,Colonel,03.04.1989
237960278,Harriet,Harms,Colonel,13.11.1990
364419310,Charline,Yurinov,Colonel,28.12.2001
340502089,Giustino,Skippings,Sergeant,24.11.1982
290846028,Liv,Hardan,Private,25.07.2001
257876572,Osborne,Mosedall,Colonel,25.02.1985
369016068,Susana,Reader,Lieutenant,03.04.2003
336597549,Annadiana,Castella,Private,07.05.1982
299828181,Brodie,McTear,General,26.05.1995
235557961,Colene,Lacrouts,Captain,10.11.1999
283492160,Krystalle,Camilli,Corporal,05.02.1990
379214076,Hugues,Kidwell,Corporal,20.04.1993
300483849,Junia,Stowe,Lieutenant,23.01.1999
211370297,Meg,Spoward,Colonel,27.02.1989
347344328,Aurea,Checcuzzi,Lieutenant,15.06.1988
301522752,Edd,Lynam,Corporal,12.10.1985
221485074,Anders,Miere,Colonel,08.05.1987
242351401,Tuesday,Wilbraham,Colonel,29.06.1982
320248553,Nils,Ronchetti,Sergeant,29.04.2001
374048613,Jacob,Cripps,Sergeant,04.02.1985
234391026,Chrysa,Baack,Major,19.08.1984
269675504,Rayna,Petre,Sergeant,19.01.1983
267517965,Jayme,Compfort,Captain,07.01.1981
299034698,Sergei,McLean,Captain,17.08.1981
266756172,Iorgo,Figura,Private,05.07.1983
253867228,Barbe,Callaway,Lieutenant,19.05.1988
228115379,Alon,Redmille,Corporal,19.02.1997
291253848,Ignaz,Kettel,Captain,11.03.1990
246457178,North,Ziehm,Lieutenant,23.07.1987
378054448,Kerry,Studders,Captain,22.06.2000
356112409,Mohandas,Prescote,Major,19.03.1999
307133321,Aldous,Shapiro,Private,02.12.1982
315126730,Tammi,Linn,Private,15.07.1989
339508037,Waring,Garrigan,Captain,05.10.1989
296769348,Brewster,Trevance,Major,09.06.1996
266014264,Claudian,Pinke,Captain,04.04.1992
288621954,Ferd,Wahlberg,Private,27.06.1999
241988269,Vivien,Dobrowski,Captain,11.12.1990
219965661,Rossy,Mangan,Major,13.02.1980
250005671,Papagena,Sorton,Captain,09.11.1996
306177521,Sula,Borth,General,17.06.1982
330942224,Merle,Guynemer,Major,13.11.2001
249121769,Jenine,Barthot,Lieutenant,05.10.1980
263040929,Cristionna,Killelea,Captain,06.05.1982
333900275,Kelsey,Futty,Lieutenant,12.04.2000
306473255,Concettina,Canty,Captain,19.11.1995
252157813,Douglass,Kinny,Colonel,11.02.1998
355472401,Farlee,Seefus,Major,17.01.1989
201223241,Anallese,Minchella,Private,07.08.1996
356211147,Andeee,Randales,General,22.08.1994
211974501,Torey,Pitcaithley,Private,09.04.1997
228064589,Waite,Aslie,Captain,18.04.1998
316403466,Rice,Simoens,Corporal,29.07.1981
303351352,Anabelle,Brugmann,Private,12.03.1998
258114104,Any,Poletto,Major,20.02.1988
324512804,Kelley,Bowller,Lieutenant,04.06.1984
204726159,Birdie,Salman,Lieutenant,13.04.1990
202176818,Jeralee,McMichell,Colonel,14.11.1999
362562760,Harold,Kosel,Private,17.12.2000
258154389,Deonne,Farge,Captain,02.12.1983
362099046,Alonso,Grute,Colonel,03.05.1987
285591057,Nate,Dorre,Private,23.07.1981
215910601,Simonne,Juanes,Major,17.08.2002
208280328,Dore,Challinor,Lieutenant,29.12.2002
266612834,Fanny,Triner,Captain,27.10.1984
204697038,Micki,Castro,Captain,21.05.1985
337177477,Ab,Manneville,Private,12.11.1989
294942657,Curr,Cayle,Colonel,16.03.2001
375835167,Hestia,Nicolls,Lieutenant,19.12.1981
279282410,Lindsey,St. Louis,Private,20.06.1995
200313811,Richmond,Durtnal,Private,26.01.1993
255399546,Eddi,Stockey,Colonel,10.02.1984
280015404,Aloin,Wanjek,Lieutenant,09.06.1986
200473707,Lennard,Secrett,Colonel,01.01.2003
377781748,Prudy,Greatorex,Corporal,19.11.2000
375892648,Hazel,Mingotti,Corporal,25.09.1987
305122832,Sally,Stockford,Lieutenant,05.05.1992
232037345,Tove,Cicccitti,General,17.02.1996
345265049,Maurine,Christer,Private,26.03.1984
390961408,Daven,Schwartz,General,01.11.1993
231096004,Margaret,Burdess,Major,06.05.1984
202506383,Eli,Champneys,Captain,26.11.1992
229582437,Hannah,Balducci,Private,03.10.1992
315399133,Melamie,Landsberg,Corporal,27.11.1992
395567551,Venus,Adriaens,Lieutenant,29.06.1980
284300779,Marylee,Barrabeale,Captain,31.08.1996
362587786,Niven,Beckmann,Private,24.06.1982
308712470,Juliette,Dawidowitsch,General,15.08.1987
316938669,Cristy,Hucker,Captain,27.12.1991
327466886,Yance,Rookwell,Major,22.04.1984
352406342,Perrine,Beesley,Private,14.01.1993
339799499,Abbey,Emblin,Captain,26.07.1984
271031383,Henry,Couling,Private,21.01.1984
381339784,Lek,Calcott,Sergeant,25.08.1999
376444368,Gordie,Beaford,Captain,23.08.1980
250344291,Kristine,Kemell,Corporal,11.08.1988
247077560,Tucky,Cheevers,Major,01.02.1987
334144245,Andria,Briance,Corporal,30.03.1980
317457927,Lawry,Feasey,General,17.11.1986
286506962,Emory,Vakhlov,Sergeant,05.05.1999
278310514,Evie,Ivel,General,22.05.1996
300849979,Anett,Armytage,Private,24.08.1983
227146613,Jandy,Bernuzzi,General,04.06.1998
399429753,Drucy,Rodolphe,General,16.01.1996
222831659,Kylie,Tamplin,Sergeant,27.01.2001
260662391,Thorvald,Amesbury,Sergeant,08.03.1986
239169856,Aldon,Czyz,Corporal,02.04.1998
300433417,Rickert,Gelder,Sergeant,28.11.1989
251538887,Wittie,Candy,Colonel,16.10.1993
281283799,Rozalin,Lapenna,General,19.05.1988
299880973,Dania,Busain,Private,13.04.2001
370443105,James,Chazerand,Major,05.08.1989
379808603,Barbara,Vasyunichev,Corporal,26.01.1994
294348574,Judy,Persitt,General,13.03.1994
393978612,Ferguson,Andreoletti,Sergeant,04.12.1988
250750869,Lira,Stowell,Sergeant,21.08.1982
210845827,Virgie,McIan,Colonel,30.08.1991
309820797,Carlotta,Steffans,Colonel,30.04.1999
386850983,Elsinore,Salmoni,General,30.10.1992
301833832,Sephira,Liver,Lieutenant,09.04.1982
361994811,Deborah,Youdell,Corporal,20.04.1997
351193035,Frederigo,Tilby,Sergeant,13.05.1984
376252916,Robyn,Masding,Corporal,01.02.1989
285282479,Odie,Penwright,Sergeant,23.10.2002
278222021,Alvira,Faltskog,Major,29.07.2002
383952335,Ozzie,Arundale,Major,21.12.2001
221361227,Lyn,Shillito,Lieutenant,28.06.1992
274160886,Lissi,Pacht,General,03.12.1980
300786395,Shandeigh,McEnhill,Sergeant,31.01.1991
252867096,Bev,Lazer,Private,29.10.1984
244569777,Svend,Vann,Colonel,19.11.1987
205893325,Silvano,Dakhov,Major,28.02.2002
211357219,Clayson,Kienlein,Major,22.07.1984
213113355,Hermia,Willmot,Private,26.08.1992
237778114,Rollo,Schimke,Corporal,05.01.1982
244493407,Lynea,Dearlove,Lieutenant,30.06.1993
325735592,Culver,Allatt,Sergeant,25.03.1989
272748906,Romola,Whate,Major,04.08.1983
283071208,Julina,Ohrtmann,Lieutenant,27.06.1994
296538924,Frankie,Dabinett,Captain,09.03.1999
393547848,Beulah,Ashbe,Major,26.11.1988
309640599,Ginelle,Cronin,Private,08.05.1993
307570440,Gallard,Siely,Colonel,13.07.1999
239379314,Claudelle,Lissaman,Captain,16.10.2000
233082662,Ado,Passo,Corporal,04.05.1984
203924458,Catharina,Hurdman,Corporal,23.02.1984
273317894,Violetta,Olwen,Major,01.06.1982
257145485,Aida,Proffer,General,08.02.1984
344643982,Shelley,Cino,Major,13.10.2003
233331336,Gladi,Vidineev,Corporal,31.12.1982
231696592,Rebeka,Vlies,General,08.12.1981
380339273,Derry,Enston,General,15.07.1983
311020193,Gelya,Dan,Corporal,06.06.1989
333197417,Jesus,Aronow,Sergeant,08.06.2000
240767084,Myrna,Ginnell,Major,01.08.1996
266346339,Lizette,Chastagnier,Corporal,02.06.1991
325256753,Benedikt,Tarney,Captain,26.11.1984
328026732,Grazia,O'Caherny,General,15.08.1981
398208315,Torey,Tuxill,Lieutenant,24.11.1984
364477521,Justina,Haselup,Sergeant,07.05.2002
266739488,Cobby,Silversmidt,Captain,08.07.1997
247243857,Donny,Duran,General,23.12.1991
241010968,Barbaraanne,Crocken,Captain,18.01.1996
339622049,Ingelbert,Klainman,Captain,17.05.1980
399099376,Izak,McMenamin,Major,01.10.2000
346897127,Ring,De-Ville,General,26.03.2000
372886275,Rosemary,Philipet,Corporal,30.03.1993
303671412,Kory,Cokayne,General,21.01.1985
320470995,Jessika,Bende,Colonel,12.08.1997
370128352,Flossie,Dacke,Private,03.08.1996
263968821,Gertrudis,Murford,Major,09.03.1997
364542944,Thorstein,Chazerand,Corporal,15.02.1990
250453465,Berk,Andor,Private,04.08.1981
383860133,Rozele,Kellegher,Lieutenant,18.01.1993
200387058,Demetris,Leavold,Corporal,09.03.2001
326277215,Agnella,Milington,Sergeant,03.06.1982
236452747,Lidia,Doughartie,Sergeant,26.02.1999
227414161,Cale,Jeffree,Sergeant,07.04.1992
313956555,Mason,Giddy,Captain,13.10.2002
254672187,Brose,Corbishley,Major,23.06.1984
363827194,Lauren,Aime,Captain,09.04.1982
303705104,Roxana,Alekseev,Colonel,25.01.1996
301842802,Jacynth,Perle,Sergeant,14.03.1987
274223134,Briney,Lote,Private,27.12.1994
307630528,Amalia,Briers,Colonel,28.10.1983
343316197,Sybil,Palfrie,Colonel,25.12.1995
356938392,Ivan,Hevey,Corporal,28.04.1992
283259618,Stephi,Connar,Corporal,03.01.1988
309371344,Lonny,Redolfi,Captain,21.05.2001
368479535,Julianna,Le Strange,Colonel,04.08.1984
318306436,Roddie,Rouby,Captain,19.08.1982
353706769,Aridatha,De Ruggiero,Sergeant,09.05.2002
383548055,Randie,Sich,Lieutenant,08.04.1980
257366591,Van,McFadden,Major,23.03.2003
368886633,Rustie,Hellsdon,Sergeant,25.05.1983
211190842,Matelda,Dimnage,Sergeant,04.07.1982
290969200,Eleanor,MacCallam,Corporal,29.08.1998
281580042,Hillery,Bendin,Private,04.02.1998
304268938,Kamila,Reynalds,General,03.04.1990
306475991,Dwight,Fishbie,General,04.11.1997
335829214,Judith,Estcourt,Sergeant,20.07.1985
325559062,Erwin,Le Friec,General,10.04.1988
371215742,Allyson,Panton,Corporal,29.03.1980
253206515,Dasha,Cuttell,Lieutenant,05.02.1992
235335126,Langsdon,Sawfoot,General,23.01.1994
369662083,Tania,Copson,Corporal,17.10.1992
347535911,Emanuele,Wheelwright,Lieutenant,07.03.1999
337933018,Isacco,Phebee,Lieutenant,05.01.1993
219833309,Nikolos,Corstan,Private,03.05.1996
395280480,Chan,Marusik,General,19.01.1986
305357497,Sheppard,Ritter,Captain,21.06.2002
250500388,Dannie,Novello,Corporal,26.06.1997
354769587,Quinn,Adan,Captain,14.06.2001
237419822,Jessamyn,Layburn,Lieutenant,06.12.1988
374802399,Melantha,Orable,Colonel,18.06.1982
377208276,Gustave,Adamovitch,Corporal,12.11.1992
222888385,Ajay,Peele,Lieutenant,01.02.1999
383836814,Isadora,Deluze,General,18.10.1985
287062738,Abelard,Overstreet,Captain,18.01.1986
285866795,Corie,Vallentin,Major,15.07.1989
385804654,Brig,Siddall,Colonel,06.03.1988
335984445,Tirrell,Pippard,Sergeant,19.09.1982
283858458,Zorina,Doghartie,General,16.08.1993
244257658,Anstice,Tander,Major,03.09.1988
335847080,Dudley,L'argent,Sergeant,14.09.1991
331728622,Junie,Klimuk,Sergeant,24.03.1980
311052814,Lorin,Lukehurst,Lieutenant,21.10.1984
233262480,Waiter,Truluck,Private,14.12.1982
208362687,Fernande,Henrion,General,09.10.2003
238447934,Benjamen,Biset,Captain,28.05.1989
279524736,Simona,Turnbull,Lieutenant,08.06.1994
272115809,Nils,Pinnigar,Lieutenant,15.06.1998
337080029,Alisun,Irnis,Private,06.07.1998
395651246,Dorey,Prestage,Corporal,13.07.1985
356650648,Stearne,Brandts,Corporal,31.10.1981
325413907,Michelina,Tanguy,Private,04.09.1992
270779920,Shelby,Vannini,Lieutenant,20.02.1980
281928641,Alberik,Rubinowitch,Private,21.08.1980
338229439,Daniella,Boxer,Major,05.12.2002
336686279,Agnes,Hurl,Private,07.02.1987
231274183,Kaila,Dooler,Colonel,14.11.1982
209698295,Liza,Bolton,Major,12.06.1991
265392648,Arnuad,Filkov,Captain,18.10.2001
236701923,Marcellina,Beekman,Lieutenant,05.11.1984
336272706,Neala,Skeffington,General,09.01.1996
352638775,Dedra,Selliman,Major,03.12.1989
256155234,Gonzalo,Lesmonde,Captain,11.06.1991
257746076,Hobard,Haggarth,Private,30.01.1980
375209729,Genni,Neathway,Corporal,11.12.2000
272987663,Pauli,Rider,Sergeant,03.01.1985
212878020,Fanechka,Troillet,Captain,09.11.1989
206651299,Gena,Wraith,Captain,09.05.2003
282561272,Pippo,Yesinin,Major,23.03.1988
228952988,Katheryn,Gurys,Colonel,23.06.1998
361783956,Preston,Elmes,Corporal,19.07.1988
370301271,Blancha,Howsam,Lieutenant,09.06.1981
334784654,Yasmeen,Ibbitson,Major,11.07.1983
230322450,Bryon,Dagger,Colonel,26.11.1983
241196716,Lester,Aspel,Major,04.05.1984
205236470,Marilyn,Ridgley,Major,28.07.1984
270557935,Keene,Pepperell,Private,08.11.1984
307254506,Evie,Roebuck,Colonel,13.04.1990
331236554,Jacqui,Boyce,Captain,16.03.2000
245818731,Karyl,Jados,Corporal,25.04.1998
265547298,Melvyn,Skipperbottom,Colonel,07.02.1991
347067953,Iolanthe,Wornum,Lieutenant,01.03.1996
308107908,Iormina,Raynor,General,19.09.2000
298006662,Fred,Kondratenya,Lieutenant,25.04.1988
333950047,Devi,Lockner,Lieutenant,17.12.1998
244732500,Gibbie,Foxon,Lieutenant,16.08.1993
235130780,Kessiah,Hirsch,Colonel,24.02.1994
278864964,Marty,Fenix,Major,25.09.2000
223346749,Pete,Pedroli,Colonel,08.11.1997
244857843,Gratiana,Rawdales,Captain,21.01.1996
211679520,Somerset,Durtnell,Major,13.11.1988
367850455,Crosby,Joynes,Colonel,09.07.1988
351043069,Courtney,Albutt,General,14.06.1980
365058142,Stepha,Kenna,Colonel,21.01.1983
274052509,Giffie,Hendin,Captain,25.05.1987
290714294,Lorine,Catley,Captain,16.03.1989
338146884,Ashby,McGrowther,Colonel,01.12.1999
225087331,Dona,McGarrity,Lieutenant,21.11.1997
316243493,Codie,Cuer,Lieutenant,19.11.2002
237409965,Robin,Bentjens,Colonel,08.07.1996
259673490,Jillana,Klaiser,Sergeant,29.05.1997
237581407,Westbrooke,Zammitt,General,13.09.1983
373756218,Casey,Goodacre,Private,22.09.1989
327711468,Solomon,Bimrose,Corporal,13.09.1990
344387598,Octavia,Louca,Sergeant,21.02.2000
302642076,Waldo,Strewthers,General,09.08.2003
328578554,Joceline,Tuohy,General,01.11.1980
222947149,Loralee,Wainscot,Lieutenant,26.01.1988
378912456,Flore,Cowans,Major,30.09.1980
325860082,Devi,Bignall,Sergeant,14.05.1992
293735930,Renie,Middlemist,Corporal,23.05.1992
307955613,Ritchie,Pollack,Captain,23.01.1993
245559396,Jillane,Carbin,Private,30.10.1989
262316659,Claudianus,Gagan,Major,29.03.1990
239213755,Boothe,Brunton,Captain,12.10.1998
284951591,Alexis,Suffield,Lieutenant,21.10.1981
241625873,Cloe,Buck,Corporal,04.12.1999
215783297,Jennica,Fludgate,Lieutenant,25.03.1981
283956186,Betsy,Kikke,Sergeant,10.02.1994
228614816,Lorianna,Dudill,Sergeant,08.09.1992
210445937,Emyle,Giron,General,27.03.2000
249543773,Philbert,Petto,Sergeant,19.06.1990
276949346,Mela,Thompstone,Sergeant,18.04.1982
293961478,Jacklin,Slessar,Corporal,02.08.1991
260900474,Leontyne,Longmaid,Sergeant,14.05.1997
209040130,Hussein,Timewell,Corporal,14.12.1980
336031507,Herminia,Dodgshon,Colonel,30.04.1993
208249542,Lea,Leitche,Corporal,30.08.1984
221019615,Glenine,Dimock,General,06.11.1993
359797310,Lind,Kirkam,Private,04.07.1987
283336932,Gordie,Teeney,Sergeant,17.10.1987
276332120,Travers,Hartridge,Captain,16.10.2003
292244714,Wiatt,Pavel,Sergeant,09.07.1988
398872942,Jeannine,Dugood,Sergeant,04.03.1981
230198185,Courtenay,Caulket,Colonel,07.01.1985
279249032,Rochella,Swinerd,Captain,21.04.1994
290929479,Cyb,Tinmouth,Corporal,02.02.1997
367853431,Gertrud,Tremellier,Private,13.03.1995
283130641,Kerr,Delacote,Corporal,03.01.1995
307188719,Matilde,Troughton,Major,24.12.1989
313050675,Leonie,Ascroft,Colonel,12.01.1991
384566638,Reggi,Jencken,Corporal,02.10.1981
289957341,Camellia,De Blase,General,07.03.1996
261514186,Elli,Wodeland,Captain,08.06.2002
368690531,Trudey,Buessen,Colonel,25.08.1992
383968040,Farly,Simmill,Captain,26.09.1996
280016749,Ilario,Glayzer,Colonel,12.12.1981
276830981,Casar,Standfield,Captain,04.01.1989
273381701,Ophelia,Oldacres,Lieutenant,25.09.1989
206247058,Dode,Corbie,Colonel,25.02.1989
261685997,Nickolaus,Korneluk,Sergeant,06.04.1991
249562512,Joni,Blas,Lieutenant,15.12.1980
345556162,Willard,Cisec,Private,12.09.1988
221000440,Rania,Steers,Colonel,04.06.2002
267631250,Devi,Mullen,Corporal,01.08.1993
212047739,Gilbertina,Van Der Walt,Private,17.05.2002
306568053,Timoteo,Cookman,Corporal,08.02.2002
226550059,Riordan,Arent,Captain,17.12.1992
335534944,Germaine,Jenyns,Corporal,29.03.1998
394195602,Christi,Piddlehinton,Colonel,08.01.1985
330837622,Flor,McReedy,Private,23.08.1994
290011356,Carolina,Feighney,Sergeant,09.12.1980
201428401,Layla,GiacobbiniJacob,Captain,22.07.1990
388437948,Fey,Kildea,Captain,03.07.2000
396546390,Nilson,Tippell,Captain,10.12.1983
364211743,Prinz,Tokley,Captain,20.05.1981
351051039,Tildie,Gonnin,Lieutenant,18.02.2001
251953975,Collie,Domleo,Lieutenant,12.08.1990
263023363,Marjorie,Iiannoni,Major,09.11.1993
306014639,Perice,Reville,Private,04.05.1992
206361434,Pepito,Fautley,Lieutenant,21.04.2000
364109698,Ximenez,Grigoriev,Private,23.05.1997
224256534,Cece,Pattullo,Captain,30.01.2001
336124367,Ronny,Wearne,Sergeant,27.01.2001
393576835,Maribel,Gilbard,Colonel,13.08.1987
377221779,Wang,Paolotto,Sergeant,05.12.1988
301644116,Kathrine,Mc Giffin,Captain,11.07.2003
320595981,Cherianne,Zanussii,Major,10.09.1981
234815710,Abeu,Giorgielli,General,05.07.1991
227460641,Kimberli,Singyard,Lieutenant,21.01.1997
361977936,Kenon,Gallyon,Captain,26.11.1987
327502045,Lyell,Skinn,Private,02.01.1986
255709716,Elnar,Jagielski,Colonel,26.07.1988
245768993,Natty,Marciek,Private,29.10.2002
235698590,Deeyn,Glasner,Private,24.06.1987
317793093,Cori,Egle of Germany,Colonel,01.04.1988
205547055,Sheree,Beckhouse,Private,22.09.1986
387208027,Nicko,Ritchard,Major,07.11.1994
294015557,Stanleigh,Kime,Sergeant,27.01.1999
346428021,Thebault,Gonzales,General,13.01.1997
353158185,Wallis,Ponton,Captain,01.06.1994
348480389,Brandais,Di Ruggero,General,25.06.1996
384941375,Elle,Halse,Colonel,27.02.1991
347293499,Benedict,Stubbs,Colonel,27.12.1984
376458243,Jyoti,Wilce,General,24.04.1981
304858692,Alica,Franchyonok,Corporal,05.12.1994
345683133,Dave,Haquard,Colonel,01.12.2000
351821660,Adriaens,Spirritt,Lieutenant,11.01.1993
310919947,Krystalle,Jerche,Corporal,01.11.1981
262759003,Kiley,Reeman,General,02.06.1999
343660024,Chantal,Vagges,Corporal,01.08.1988
316206767,Barnie,Bruinsma,Lieutenant,07.07.1980
397535264,Lesya,Moynham,Private,15.10.1996
213342450,Artie,Bright,Major,25.02.1986
285047907,Christina,Collingham,Private,07.07.1984
355595286,Sadella,Whimpenny,Colonel,13.08.1987
396377663,Euell,Veasey,Captain,07.12.1985
365715213,Frederica,Boddie,Sergeant,24.12.1995
254663078,Web,Pringer,Major,01.08.1994
365008432,Dre,Sipson,Corporal,01.04.1985
347669157,Arney,Lindores,Corporal,03.03.2002
308147725,Puff,Goodwyn,Sergeant,27.11.2002
262179843,Clary,Farnin,Captain,14.01.2000
218910229,Jaclyn,Twiggins,Major,22.07.1981
255277263,Enrica,Mozzini,Captain,24.02.2001
269283221,Latrina,Beet,Corporal,23.11.1993
346845087,Dorene,Sproule,Corporal,27.06.1981
218270200,Flynn,Bleything,Colonel,30.07.1988
342323455,Carlynne,Beddon,Major,18.09.1997
327854292,Berta,Maghull,Lieutenant,16.02.1993
216132990,Martino,Renzullo,General,02.05.1992
372822728,Margery,Iorillo,Captain,27.06.1984
291492297,Colet,Gosnold,Major,18.10.1989
218309845,Saxe,Yurkiewicz,Lieutenant,09.10.1991
247097361,Gregor,Horsburgh,Private,16.08.2000
296689914,Lani,Bishell,Corporal,22.05.1993
328741784,Idette,Oris,Sergeant,25.11.1987
268173055,Cobby,Carnegie,Private,20.12.1987
248603389,Christyna,Warren,General,01.11.1999
241998248,Thoma,Bass,General,19.07.1997
325848256,Denise,Shuter,Private,10.03.1988
213562417,Jinny,Feighney,Private,06.09.1993
297763975,Karita,Menci,Lieutenant,24.11.1997
277426304,Padraic,Quarless,Sergeant,01.02.1981
361096272,Darius,Nerney,Corporal,16.10.1985
366538470,Andrej,Wallas,Colonel,14.06.1986
393358177,Harriett,Goult,Private,24.01.1983
317262044,Silvie,Thorington,General,08.09.1982
218102535,Fidela,Ponting,Lieutenant,01.02.1988
275791974,Rea,Romans,Lieutenant,26.04.1998
343041424,Nester,Janjic,Colonel,28.02.2002
293249932,Tyrus,Vaudin,General,06.01.1999
255094739,Eileen,Rossborough,Captain,03.01.2002
264970298,Robinet,Wilcox,Colonel,15.01.1981
301780879,Meris,Clementson,Colonel,29.11.1992
352054150,Kristan,Beeston,General,12.08.2001
277799386,Horton,Massinger,Major,16.05.2003
326747654,Dido,Grieswood,Corporal,10.06.1982
274254359,Gaven,Safell,Captain,21.04.1993
388333169,Tildy,Torbeck,Captain,30.05.1992
271298547,Adena,Mityakov,Captain,11.10.1986
295623646,Tabina,Braidwood,Private,09.06.2001
243775536,Elwood,Cawthorn,General,15.04.1986
367770020,Davin,Jacmard,Colonel,01.09.1984
323370729,Beret,Mesant,Sergeant,01.04.1980
378833614,Maritsa,Ferrino,Corporal,26.07.1988
369064381,Shandra,Hewlings,Captain,09.03.1995
318494144,Nevile,Van Dale,Sergeant,23.10.1991
274349753,Allyce,Gerran,Major,01.01.1995
309351990,Jordan,Moret,Sergeant,14.04.1981
209002775,Elsie,Plover,Major,24.06.1983
231348871,Rosemarie,Neild,Captain,27.05.2002
203807353,Julian,Caillou,Corporal,21.08.1983
357337798,Keven,Benzies,Private,04.11.1983
381134451,Siobhan,Dumelow,Corporal,26.10.1986
338377247,Ulises,Dymond,Captain,31.10.1981
396441230,Andie,Canfer,Corporal,09.01.1987
385610136,Lombard,Arkle,Major,11.12.1984
368723995,Norman,Bellinger,Private,06.06.1994
360294496,Chloe,Ucceli,Corporal,26.01.1992
237914383,Waylen,Ridehalgh,Lieutenant,26.06.1989
371877932,Wally,Simionato,Private,21.07.1980
381229567,Zackariah,Pedler,Major,24.05.2003
392943424,Ethe,Bruinsma,Major,29.03.1986
397670262,Edita,Janus,Major,17.06.1988
281343404,Allis,Peel,General,15.02.1984
389517031,Hodge,Cantos,General,25.01.1987
386623888,Hall,Treker,Major,28.12.2003
220958338,Etan,Sictornes,Major,26.08.1991
368627783,Angelique,Mathers,Colonel,01.10.1998
386325549,Emmy,Barge,Major,31.08.1997
281612412,Valerie,Normanton,Major,22.09.1980
222825630,Philbert,Ivermee,Captain,18.01.1987
228594598,Shantee,Libreros,Captain,27.05.1980
254316764,Rowen,Sturge,Lieutenant,02.08.1980
264228011,Fredericka,Gianasi,Private,30.03.2001
263020646,Kingston,Creeghan,Captain,17.11.2001
288329113,Vickie,De Coursey,General,09.10.1981
251024518,Aguistin,Pietzner,Captain,26.08.2001
339436379,Patti,Philipot,Colonel,14.06.1984
350317207,Riannon,Janousek,Major,08.08.2000
242703125,Torrence,Reims,Captain,24.02.1997
287653764,Herby,Hulks,Captain,13.01.1987
242717208,Merell,Salling,Major,21.05.1982
270454008,Shawn,Bounds,Lieutenant,23.05.1994
345490732,Vivianna,Gandar,Private,06.08.1995
363548957,Babette,Byres,Major,23.09.1986
204642542,Drugi,Aulsford,Private,05.07.1997
308991986,Blane,Castello,Private,30.12.2003
271165297,Jakob,Osgorby,General,28.04.1990
290472808,Thorsten,Zanicchelli,Corporal,11.01.1995
365255583,Ingamar,Meo,Captain,26.06.1981
297281835,Jerald,Ivanikov,Private,22.01.1998
216675905,Audra,Wathan,Sergeant,08.01.1999
232814448,Violette,Beves,Colonel,29.03.1997
204080690,Giovanna,Semour,Lieutenant,06.07.1981
285269724,Lisette,Woolmer,Captain,26.12.1985
389987678,Tootsie,Jacqueminot,Private,19.03.1990
218886775,Cally,Dallicott,Lieutenant,30.08.1995
271073001,Kenon,Fere,Major,27.09.1998
380419023,Erek,Speller,Sergeant,19.11.1995
358134629,Orel,Chappelle,Colonel,31.10.1987
239709592,Zulema,Balnave,Private,17.08.1993
398329048,Mallory,Taylorson,Colonel,06.12.2003
269988693,Cesare,Matcham,Private,16.05.1995
239892364,Bartlett,Merryweather,Captain,13.05.1989
231953943,Melli,Garfath,Corporal,14.02.1998
394372003,Joye,Bourtoumieux,Corporal,06.06.2000
310268741,Kimball,Frankling,Sergeant,18.10.2002
380683529,Nicky,Jarrell,Sergeant,03.04.1987
249451886,Dunstan,Forcade,Private,19.06.1980
345037567,Felice,Swinden,Corporal,13.09.2000
309796962,Andy,Issatt,Corporal,20.04.1980
353066547,Beverie,Winterscale,Private,18.06.1996
392036198,Jarvis,Fosher,Sergeant,02.01.1992
250858754,Roth,Janous,Private,06.01.1983
238531970,Euell,Breinlein,Captain,14.03.2002
327682581,Pieter,Royston,Corporal,26.10.1985
312913960,Manda,Tissington,Lieutenant,02.10.2003
254992151,Andee,Trodden,Major,05.01.1980
282602391,Rosy,Langfat,General,05.08.2001
312292157,Ignacio,Tolerton,Major,23.02.1988
